series,date,value
Python_(programming_language),2025-01-01,3074.0
Python_(programming_language),2025-01-02,4207.0
Python_(programming_language),2025-01-03,4250.0
Python_(programming_language),2025-01-04,3525.0
Python_(programming_language),2025-01-05,3534.0
Python_(programming_language),2025-01-06,4663.0
Python_(programming_language),2025-01-07,5285.0
Python_(programming_language),2025-01-08,5519.0
Python_(programming_language),2025-01-09,5512.0
Python_(programming_language),2025-01-10,4753.0
Python_(programming_language),2025-01-11,3593.0
Python_(programming_language),2025-01-12,3505.0
Python_(programming_language),2025-01-13,5212.0
Python_(programming_language),2025-01-14,5020.0
Python_(programming_language),2025-01-15,5544.0
Python_(programming_language),2025-01-16,5955.0
Python_(programming_language),2025-01-17,5034.0
Python_(programming_language),2025-01-18,3664.0
Python_(programming_language),2025-01-19,3820.0
Python_(programming_language),2025-01-20,5556.0
Python_(programming_language),2025-01-21,5797.0
Python_(programming_language),2025-01-22,5626.0
Python_(programming_language),2025-01-23,6036.0
Python_(programming_language),2025-01-24,5678.0
Python_(programming_language),2025-01-25,4073.0
Python_(programming_language),2025-01-26,4008.0
Python_(programming_language),2025-01-27,5742.0
Python_(programming_language),2025-01-28,6110.0
Python_(programming_language),2025-01-29,5890.0
Python_(programming_language),2025-01-30,5820.0
Python_(programming_language),2025-01-31,5390.0
Python_(programming_language),2025-02-01,4408.0
Python_(programming_language),2025-02-02,4081.0
Python_(programming_language),2025-02-03,5698.0
Python_(programming_language),2025-02-04,6098.0
Python_(programming_language),2025-02-05,6140.0
Python_(programming_language),2025-02-06,5905.0
Python_(programming_language),2025-02-07,5233.0
Python_(programming_language),2025-02-08,3816.0
Python_(programming_language),2025-02-09,3907.0
Python_(programming_language),2025-02-10,5289.0
Python_(programming_language),2025-02-11,5488.0
Python_(programming_language),2025-02-12,5375.0
Python_(programming_language),2025-02-13,5337.0
Python_(programming_language),2025-02-14,4436.0
Python_(programming_language),2025-02-15,3561.0
Python_(programming_language),2025-02-16,3574.0
Python_(programming_language),2025-02-17,5038.0
Python_(programming_language),2025-02-18,5540.0
Python_(programming_language),2025-02-19,5408.0
Python_(programming_language),2025-02-20,5395.0
Python_(programming_language),2025-02-21,4631.0
Python_(programming_language),2025-02-22,3676.0
Python_(programming_language),2025-02-23,4132.0
Python_(programming_language),2025-02-24,5463.0
Python_(programming_language),2025-02-25,5160.0
Python_(programming_language),2025-02-26,4724.0
Python_(programming_language),2025-02-27,5050.0
Python_(programming_language),2025-02-28,4739.0
Python_(programming_language),2025-03-01,3300.0
Python_(programming_language),2025-03-02,3607.0
Python_(programming_language),2025-03-03,4917.0
Python_(programming_language),2025-03-04,5025.0
Python_(programming_language),2025-03-05,5139.0
Python_(programming_language),2025-03-06,4870.0
Python_(programming_language),2025-03-07,4608.0
Python_(programming_language),2025-03-08,3263.0
Python_(programming_language),2025-03-09,3217.0
Python_(programming_language),2025-03-10,4748.0
Python_(programming_language),2025-03-11,4887.0
Python_(programming_language),2025-03-12,4885.0
Python_(programming_language),2025-03-13,4531.0
Python_(programming_language),2025-03-14,3920.0
Python_(programming_language),2025-03-15,3200.0
Python_(programming_language),2025-03-16,3395.0
Python_(programming_language),2025-03-17,4947.0
Python_(programming_language),2025-03-18,4769.0
Python_(programming_language),2025-03-19,4783.0
Python_(programming_language),2025-03-20,4498.0
Python_(programming_language),2025-03-21,4231.0
Python_(programming_language),2025-03-22,3340.0
Python_(programming_language),2025-03-23,3183.0
Python_(programming_language),2025-03-24,4205.0
Python_(programming_language),2025-03-25,4377.0
Python_(programming_language),2025-03-26,4531.0
Python_(programming_language),2025-03-27,4636.0
Python_(programming_language),2025-03-28,4011.0
Python_(programming_language),2025-03-29,3125.0
Python_(programming_language),2025-03-30,2843.0
Python_(programming_language),2025-03-31,3688.0
Python_(programming_language),2025-04-01,4131.0
Python_(programming_language),2025-04-02,4343.0
Python_(programming_language),2025-04-03,3921.0
Python_(programming_language),2025-04-04,3740.0
Python_(programming_language),2025-04-05,2815.0
Python_(programming_language),2025-04-06,2731.0
Python_(programming_language),2025-04-07,4193.0
Python_(programming_language),2025-04-08,4533.0
Python_(programming_language),2025-04-09,4432.0
Python_(programming_language),2025-04-10,4209.0
Python_(programming_language),2025-04-11,3803.0
Python_(programming_language),2025-04-12,2863.0
Python_(programming_language),2025-04-13,2804.0
Python_(programming_language),2025-04-14,3885.0
Python_(programming_language),2025-04-15,4180.0
Python_(programming_language),2025-04-16,3978.0
Python_(programming_language),2025-04-17,3968.0
Python_(programming_language),2025-04-18,3439.0
Python_(programming_language),2025-04-19,2885.0
Python_(programming_language),2025-04-20,2992.0
Python_(programming_language),2025-04-21,3408.0
Python_(programming_language),2025-04-22,4093.0
Python_(programming_language),2025-04-23,4142.0
Python_(programming_language),2025-04-24,3942.0
Python_(programming_language),2025-04-25,3680.0
Python_(programming_language),2025-04-26,2858.0
Python_(programming_language),2025-04-27,2889.0
Python_(programming_language),2025-04-28,3851.0
Python_(programming_language),2025-04-29,4026.0
Python_(programming_language),2025-04-30,3986.0
Python_(programming_language),2025-05-01,3130.0
Python_(programming_language),2025-05-02,3336.0
Python_(programming_language),2025-05-03,2765.0
Python_(programming_language),2025-05-04,2769.0
Python_(programming_language),2025-05-05,3943.0
Python_(programming_language),2025-05-06,4346.0
Python_(programming_language),2025-05-07,3974.0
Python_(programming_language),2025-05-08,3841.0
Python_(programming_language),2025-05-09,3793.0
Python_(programming_language),2025-05-10,2550.0
Python_(programming_language),2025-05-11,2741.0
Python_(programming_language),2025-05-12,3665.0
Python_(programming_language),2025-05-13,3884.0
Python_(programming_language),2025-05-14,4159.0
Python_(programming_language),2025-05-15,4021.0
Python_(programming_language),2025-05-16,3592.0
Python_(programming_language),2025-05-17,2825.0
Python_(programming_language),2025-05-18,2815.0
Python_(programming_language),2025-05-19,4153.0
Python_(programming_language),2025-05-20,4017.0
Python_(programming_language),2025-05-21,4001.0
Python_(programming_language),2025-05-22,4012.0
Python_(programming_language),2025-05-23,3697.0
Python_(programming_language),2025-05-24,2709.0
Python_(programming_language),2025-05-25,2736.0
Python_(programming_language),2025-05-26,3689.0
Python_(programming_language),2025-05-27,4417.0
Python_(programming_language),2025-05-28,3985.0
Python_(programming_language),2025-05-29,3780.0
Python_(programming_language),2025-05-30,3581.0
Python_(programming_language),2025-05-31,2666.0
Python_(programming_language),2025-06-01,2839.0
Python_(programming_language),2025-06-02,3728.0
Python_(programming_language),2025-06-03,3885.0
Python_(programming_language),2025-06-04,4132.0
Python_(programming_language),2025-06-05,3756.0
Python_(programming_language),2025-06-06,15718.0
Python_(programming_language),2025-06-07,7883.0
Python_(programming_language),2025-06-08,2628.0
Python_(programming_language),2025-06-09,3778.0
Python_(programming_language),2025-06-10,4132.0
Python_(programming_language),2025-06-11,3583.0
Python_(programming_language),2025-06-12,3803.0
Python_(programming_language),2025-06-13,3613.0
Python_(programming_language),2025-06-14,2610.0
Python_(programming_language),2025-06-15,2764.0
Python_(programming_language),2025-06-16,3727.0
Python_(programming_language),2025-06-17,3773.0
Python_(programming_language),2025-06-18,3554.0
Python_(programming_language),2025-06-19,3466.0
Python_(programming_language),2025-06-20,3087.0
Python_(programming_language),2025-06-21,2512.0
Python_(programming_language),2025-06-22,2572.0
Python_(programming_language),2025-06-23,3458.0
Python_(programming_language),2025-06-24,3627.0
Python_(programming_language),2025-06-25,3596.0
Python_(programming_language),2025-06-26,3578.0
Python_(programming_language),2025-06-27,3155.0
Python_(programming_language),2025-06-28,2499.0
Python_(programming_language),2025-06-29,2548.0
Python_(programming_language),2025-06-30,3496.0
SQL,2025-01-01,1029.0
SQL,2025-01-02,1648.0
SQL,2025-01-03,1749.0
SQL,2025-01-04,1267.0
SQL,2025-01-05,1250.0
SQL,2025-01-06,2140.0
SQL,2025-01-07,2237.0
SQL,2025-01-08,2316.0
SQL,2025-01-09,2294.0
SQL,2025-01-10,1911.0
SQL,2025-01-11,1224.0
SQL,2025-01-12,1317.0
SQL,2025-01-13,2164.0
SQL,2025-01-14,2190.0
SQL,2025-01-15,2270.0
SQL,2025-01-16,2335.0
SQL,2025-01-17,2067.0
SQL,2025-01-18,1355.0
SQL,2025-01-19,1332.0
SQL,2025-01-20,2062.0
SQL,2025-01-21,2376.0
SQL,2025-01-22,2442.0
SQL,2025-01-23,2568.0
SQL,2025-01-24,2161.0
SQL,2025-01-25,1367.0
SQL,2025-01-26,1412.0
SQL,2025-01-27,2250.0
SQL,2025-01-28,2394.0
SQL,2025-01-29,2306.0
SQL,2025-01-30,2330.0
SQL,2025-01-31,2083.0
SQL,2025-02-01,1358.0
SQL,2025-02-02,1306.0
SQL,2025-02-03,2284.0
SQL,2025-02-04,2521.0
SQL,2025-02-05,2420.0
SQL,2025-02-06,2291.0
SQL,2025-02-07,1708.0
SQL,2025-02-08,1176.0
SQL,2025-02-09,1089.0
SQL,2025-02-10,1947.0
SQL,2025-02-11,3870.0
SQL,2025-02-12,5617.0
SQL,2025-02-13,2808.0
SQL,2025-02-14,2000.0
SQL,2025-02-15,1466.0
SQL,2025-02-16,1375.0
SQL,2025-02-17,2022.0
SQL,2025-02-18,2068.0
SQL,2025-02-19,2201.0
SQL,2025-02-20,2159.0
SQL,2025-02-21,1936.0
SQL,2025-02-22,1288.0
SQL,2025-02-23,1199.0
SQL,2025-02-24,2186.0
SQL,2025-02-25,2088.0
SQL,2025-02-26,2054.0
SQL,2025-02-27,2208.0
SQL,2025-02-28,1973.0
SQL,2025-03-01,1239.0
SQL,2025-03-02,1277.0
SQL,2025-03-03,2163.0
SQL,2025-03-04,2073.0
SQL,2025-03-05,2160.0
SQL,2025-03-06,2065.0
SQL,2025-03-07,1859.0
SQL,2025-03-08,1249.0
SQL,2025-03-09,1176.0
SQL,2025-03-10,1929.0
SQL,2025-03-11,2089.0
SQL,2025-03-12,2163.0
SQL,2025-03-13,2019.0
SQL,2025-03-14,1757.0
SQL,2025-03-15,1116.0
SQL,2025-03-16,1351.0
SQL,2025-03-17,2092.0
SQL,2025-03-18,2154.0
SQL,2025-03-19,2120.0
SQL,2025-03-20,2041.0
SQL,2025-03-21,1889.0
SQL,2025-03-22,1210.0
SQL,2025-03-23,1164.0
SQL,2025-03-24,2053.0
SQL,2025-03-25,2105.0
SQL,2025-03-26,2119.0
SQL,2025-03-27,2041.0
SQL,2025-03-28,1683.0
SQL,2025-03-29,1145.0
SQL,2025-03-30,1084.0
SQL,2025-03-31,1658.0
SQL,2025-04-01,1840.0
SQL,2025-04-02,1953.0
SQL,2025-04-03,1847.0
SQL,2025-04-04,1666.0
SQL,2025-04-05,1084.0
SQL,2025-04-06,1051.0
SQL,2025-04-07,1893.0
SQL,2025-04-08,1993.0
SQL,2025-04-09,1885.0
SQL,2025-04-10,1913.0
SQL,2025-04-11,1582.0
SQL,2025-04-12,1067.0
SQL,2025-04-13,1012.0
SQL,2025-04-14,1669.0
SQL,2025-04-15,1872.0
SQL,2025-04-16,1863.0
SQL,2025-04-17,1766.0
SQL,2025-04-18,1279.0
SQL,2025-04-19,913.0
SQL,2025-04-20,899.0
SQL,2025-04-21,1472.0
SQL,2025-04-22,1921.0
SQL,2025-04-23,1948.0
SQL,2025-04-24,1878.0
SQL,2025-04-25,1583.0
SQL,2025-04-26,1072.0
SQL,2025-04-27,1022.0
SQL,2025-04-28,1746.0
SQL,2025-04-29,1859.0
SQL,2025-04-30,1831.0
SQL,2025-05-01,1392.0
SQL,2025-05-02,1405.0
SQL,2025-05-03,944.0
SQL,2025-05-04,1010.0
SQL,2025-05-05,1543.0
SQL,2025-05-06,1750.0
SQL,2025-05-07,1718.0
SQL,2025-05-08,1701.0
SQL,2025-05-09,1378.0
SQL,2025-05-10,937.0
SQL,2025-05-11,1036.0
SQL,2025-05-12,1551.0
SQL,2025-05-13,1673.0
SQL,2025-05-14,1750.0
SQL,2025-05-15,1507.0
SQL,2025-05-16,1434.0
SQL,2025-05-17,952.0
SQL,2025-05-18,947.0
SQL,2025-05-19,1592.0
SQL,2025-05-20,1711.0
SQL,2025-05-21,1687.0
SQL,2025-05-22,1681.0
SQL,2025-05-23,1510.0
SQL,2025-05-24,925.0
SQL,2025-05-25,971.0
SQL,2025-05-26,1416.0
SQL,2025-05-27,1627.0
SQL,2025-05-28,1647.0
SQL,2025-05-29,1582.0
SQL,2025-05-30,1349.0
SQL,2025-05-31,948.0
SQL,2025-06-01,975.0
SQL,2025-06-02,1494.0
SQL,2025-06-03,1722.0
SQL,2025-06-04,1617.0
SQL,2025-06-05,1506.0
SQL,2025-06-06,1277.0
SQL,2025-06-07,825.0
SQL,2025-06-08,872.0
SQL,2025-06-09,1405.0
SQL,2025-06-10,1460.0
SQL,2025-06-11,1517.0
SQL,2025-06-12,1487.0
SQL,2025-06-13,1290.0
SQL,2025-06-14,952.0
SQL,2025-06-15,850.0
SQL,2025-06-16,1500.0
SQL,2025-06-17,1518.0
SQL,2025-06-18,1483.0
SQL,2025-06-19,1378.0
SQL,2025-06-20,1262.0
SQL,2025-06-21,921.0
SQL,2025-06-22,892.0
SQL,2025-06-23,1400.0
SQL,2025-06-24,1419.0
SQL,2025-06-25,1507.0
SQL,2025-06-26,1653.0
SQL,2025-06-27,1230.0
SQL,2025-06-28,819.0
SQL,2025-06-29,786.0
SQL,2025-06-30,1370.0
Statistics,2025-01-01,903.0
Statistics,2025-01-02,1166.0
Statistics,2025-01-03,1221.0
Statistics,2025-01-04,1114.0
Statistics,2025-01-05,1147.0
Statistics,2025-01-06,1721.0
Statistics,2025-01-07,1637.0
Statistics,2025-01-08,1607.0
Statistics,2025-01-09,1583.0
Statistics,2025-01-10,1376.0
Statistics,2025-01-11,992.0
Statistics,2025-01-12,1055.0
Statistics,2025-01-13,1445.0
Statistics,2025-01-14,1500.0
Statistics,2025-01-15,1416.0
Statistics,2025-01-16,1463.0
Statistics,2025-01-17,1232.0
Statistics,2025-01-18,1004.0
Statistics,2025-01-19,1084.0
Statistics,2025-01-20,1381.0
Statistics,2025-01-21,1605.0
Statistics,2025-01-22,1504.0
Statistics,2025-01-23,1544.0
Statistics,2025-01-24,1318.0
Statistics,2025-01-25,1114.0
Statistics,2025-01-26,1105.0
Statistics,2025-01-27,1393.0
Statistics,2025-01-28,1439.0
Statistics,2025-01-29,1312.0
Statistics,2025-01-30,1334.0
Statistics,2025-01-31,1284.0
Statistics,2025-02-01,963.0
Statistics,2025-02-02,1075.0
Statistics,2025-02-03,1405.0
Statistics,2025-02-04,1456.0
Statistics,2025-02-05,1419.0
Statistics,2025-02-06,1268.0
Statistics,2025-02-07,1189.0
Statistics,2025-02-08,914.0
Statistics,2025-02-09,924.0
Statistics,2025-02-10,1211.0
Statistics,2025-02-11,1209.0
Statistics,2025-02-12,1341.0
Statistics,2025-02-13,1234.0
Statistics,2025-02-14,1063.0
Statistics,2025-02-15,936.0
Statistics,2025-02-16,1040.0
Statistics,2025-02-17,1092.0
Statistics,2025-02-18,1273.0
Statistics,2025-02-19,1328.0
Statistics,2025-02-20,1215.0
Statistics,2025-02-21,1136.0
Statistics,2025-02-22,901.0
Statistics,2025-02-23,1019.0
Statistics,2025-02-24,1285.0
Statistics,2025-02-25,1116.0
Statistics,2025-02-26,1290.0
Statistics,2025-02-27,1244.0
Statistics,2025-02-28,1040.0
Statistics,2025-03-01,844.0
Statistics,2025-03-02,860.0
Statistics,2025-03-03,1211.0
Statistics,2025-03-04,1306.0
Statistics,2025-03-05,1232.0
Statistics,2025-03-06,1225.0
Statistics,2025-03-07,1198.0
Statistics,2025-03-08,935.0
Statistics,2025-03-09,956.0
Statistics,2025-03-10,1225.0
Statistics,2025-03-11,1166.0
Statistics,2025-03-12,1249.0
Statistics,2025-03-13,1222.0
Statistics,2025-03-14,1080.0
Statistics,2025-03-15,892.0
Statistics,2025-03-16,944.0
Statistics,2025-03-17,1117.0
Statistics,2025-03-18,1293.0
Statistics,2025-03-19,1251.0
Statistics,2025-03-20,1128.0
Statistics,2025-03-21,1070.0
Statistics,2025-03-22,887.0
Statistics,2025-03-23,935.0
Statistics,2025-03-24,1101.0
Statistics,2025-03-25,1120.0
Statistics,2025-03-26,1170.0
Statistics,2025-03-27,1124.0
Statistics,2025-03-28,1051.0
Statistics,2025-03-29,764.0
Statistics,2025-03-30,836.0
Statistics,2025-03-31,982.0
Statistics,2025-04-01,1043.0
Statistics,2025-04-02,1194.0
Statistics,2025-04-03,1106.0
Statistics,2025-04-04,945.0
Statistics,2025-04-05,871.0
Statistics,2025-04-06,852.0
Statistics,2025-04-07,1141.0
Statistics,2025-04-08,1170.0
Statistics,2025-04-09,1085.0
Statistics,2025-04-10,1040.0
Statistics,2025-04-11,1042.0
Statistics,2025-04-12,788.0
Statistics,2025-04-13,840.0
Statistics,2025-04-14,1126.0
Statistics,2025-04-15,1221.0
Statistics,2025-04-16,1155.0
Statistics,2025-04-17,1063.0
Statistics,2025-04-18,870.0
Statistics,2025-04-19,791.0
Statistics,2025-04-20,887.0
Statistics,2025-04-21,1024.0
Statistics,2025-04-22,1093.0
Statistics,2025-04-23,1150.0
Statistics,2025-04-24,1173.0
Statistics,2025-04-25,1011.0
Statistics,2025-04-26,857.0
Statistics,2025-04-27,909.0
Statistics,2025-04-28,1116.0
Statistics,2025-04-29,1150.0
Statistics,2025-04-30,1201.0
Statistics,2025-05-01,1090.0
Statistics,2025-05-02,1101.0
Statistics,2025-05-03,928.0
Statistics,2025-05-04,918.0
Statistics,2025-05-05,1224.0
Statistics,2025-05-06,1195.0
Statistics,2025-05-07,1141.0
Statistics,2025-05-08,1149.0
Statistics,2025-05-09,973.0
Statistics,2025-05-10,858.0
Statistics,2025-05-11,757.0
Statistics,2025-05-12,1108.0
Statistics,2025-05-13,1184.0
Statistics,2025-05-14,1176.0
Statistics,2025-05-15,1099.0
Statistics,2025-05-16,1103.0
Statistics,2025-05-17,898.0
Statistics,2025-05-18,924.0
Statistics,2025-05-19,1144.0
Statistics,2025-05-20,1002.0
Statistics,2025-05-21,1033.0
Statistics,2025-05-22,1015.0
Statistics,2025-05-23,945.0
Statistics,2025-05-24,802.0
Statistics,2025-05-25,824.0
Statistics,2025-05-26,965.0
Statistics,2025-05-27,1066.0
Statistics,2025-05-28,971.0
Statistics,2025-05-29,997.0
Statistics,2025-05-30,973.0
Statistics,2025-05-31,719.0
Statistics,2025-06-01,788.0
Statistics,2025-06-02,987.0
Statistics,2025-06-03,1017.0
Statistics,2025-06-04,1043.0
Statistics,2025-06-05,991.0
Statistics,2025-06-06,859.0
Statistics,2025-06-07,711.0
Statistics,2025-06-08,849.0
Statistics,2025-06-09,970.0
Statistics,2025-06-10,977.0
Statistics,2025-06-11,918.0
Statistics,2025-06-12,869.0
Statistics,2025-06-13,900.0
Statistics,2025-06-14,825.0
Statistics,2025-06-15,771.0
Statistics,2025-06-16,1142.0
Statistics,2025-06-17,1105.0
Statistics,2025-06-18,1053.0
Statistics,2025-06-19,1032.0
Statistics,2025-06-20,958.0
Statistics,2025-06-21,791.0
Statistics,2025-06-22,810.0
Statistics,2025-06-23,1044.0
Statistics,2025-06-24,984.0
Statistics,2025-06-25,1013.0
Statistics,2025-06-26,939.0
Statistics,2025-06-27,856.0
Statistics,2025-06-28,798.0
Statistics,2025-06-29,776.0
Statistics,2025-06-30,883.0
